--
-- Script was generated by Devart dbForge Data Generator for MySQL, Version 2.4.526.0
-- Product Home Page: http://www.devart.com/dbforge/mysql/data-generator
-- Script date 04.03.2022 14:48:29
-- Target server version: 8.0.23
-- Target connection string: User Id=root;Host=localhost;Database=db_employees;Character Set=utf8
--



SET NAMES 'utf8';
USE db_employees;

--
-- Disabling DML triggers for tasks
--
DROP TRIGGER IF EXISTS db_employees.tasks_BEFORE_INSERT;

--
-- Disabling DML triggers for tasks
--
DROP TRIGGER IF EXISTS db_employees.tasks_BEFORE_UPDATE;
--
-- Delete data from the table 'payslips'
--
TRUNCATE TABLE payslips;
--
-- Delete data from the table 'employees_has_tasks'
--
TRUNCATE TABLE employees_has_tasks;
--
-- Delete data from the table 'employees'
--
DELETE FROM employees;
--
-- Delete data from the table 'tasks'
--
DELETE FROM tasks;
--
-- Delete data from the table 'jobs'
--
DELETE FROM jobs;
--
-- Delete data from the table 'departments'
--
DELETE FROM departments;
--
-- Delete data from the table 'addresses'
--
DELETE FROM addresses;

--
-- Inserting data into table addresses
--
INSERT INTO addresses(id, ZIP, city) VALUES
(1, '45043', 'Diller'),
(2, '15878', 'Waxahachie'),
(3, '76457', 'Johnson'),
(4, '08276', 'Zuni'),
(5, '76086', 'Celina'),
(6, '84763', 'Pima'),
(7, '99070', 'Pilot Rock'),
(8, '70580', 'Mustang'),
(9, '62888', 'Marietta'),
(10, '01414', 'Margate City'),
(11, '89169', 'Squaw Valley'),
(12, '33589', 'Pilot Grove'),
(13, '17692', 'Baldwinville'),
(14, '37957', 'Waxhaw'),
(15, '32014', 'St Agatha'),
(16, '02368', 'Center'),
(17, '05398', 'Margaretville'),
(18, '63555', 'Muskogee'),
(19, '70076', 'Marienville'),
(20, '88231', 'Muskego'),
(21, '96465', 'Pilot Mountain'),
(22, '09892', 'St Albans'),
(23, '40093', 'Dighton'),
(24, '69532', 'Geismar'),
(25, '23003', 'Dietrich'),
(26, '75351', 'Marfa'),
(27, '51627', 'Waycross'),
(28, '24936', 'Genesee'),
(29, '82218', 'Celestine'),
(30, '16874', 'Dike'),
(31, '22225', 'Johnsonville'),
(32, '68767', 'Geddes'),
(33, '85820', 'Marianna'),
(34, '03167', 'Wayland'),
(35, '38423', 'Johnson City'),
(36, '48781', 'Johnson Creek'),
(37, '93261', 'Muscoda'),
(38, '34115', 'Johns Island'),
(39, '80460', 'Baldwin Park'),
(40, '62008', 'Muskegon'),
(41, '93063', 'Johnsonburg'),
(42, '55629', 'Baldwinsville'),
(43, '84404', 'Maricopa'),
(44, '47864', 'Pillager'),
(45, '94299', 'Pilot Point'),
(46, '43815', 'Geneseo'),
(47, '47426', 'Dillard'),
(48, '19222', 'Gazelle'),
(49, '44963', 'John Day'),
(50, '86849', 'Muscle Shoals');

--
-- Inserting data into table departments
--
INSERT INTO departments(id, name) VALUES
(1, 'Executive'),
(2, 'Research and Development'),
(3, 'Facilities'),
(4, 'Manufacturing'),
(5, 'Customer Support'),
(6, 'Information Technology'),
(7, 'Marketing'),
(8, 'Sales'),
(9, 'Operations'),
(10, 'Consulting'),
(11, 'Finance'),
(12, 'Human Resources');

--
-- Inserting data into table jobs
--
INSERT INTO jobs(id, name) VALUES
(1, 'Vice President'),
(2, 'Computer Operator'),
(3, 'Travel Agent'),
(4, 'Application Development Supervisor'),
(5, 'Marketing Manager'),
(6, 'Application Engineer'),
(7, 'Technical Manager'),
(8, 'Assistant Vice President'),
(9, 'Service Manager'),
(10, 'QA Engineer'),
(11, 'Communication Consultant'),
(12, 'Senior Specialist'),
(13, 'Secretary'),
(14, 'Contract Manager'),
(15, 'Chief Technology Officer'),
(16, 'Contract Advisor'),
(17, 'Network Administrator'),
(18, 'Technical Specialist'),
(19, 'Area Administrator'),
(20, 'Finance Controller'),
(21, 'Senior Manager'),
(22, 'Commercial Director'),
(23, 'Senior Advisor'),
(24, 'Channel Sales Manager'),
(25, 'Sales Coordinator'),
(26, 'Solution Architect'),
(27, 'Branch Manager'),
(28, 'President'),
(29, 'Chief Financial Officer'),
(30, 'Support Manager');

--
-- Inserting data into table tasks
--
INSERT INTO tasks(id, project, title, description, validation, since, until) VALUES
(1, '75', '29H8T3', 'Quibusdam eos reprehenderit.', 1, '1970-01-01 00:00:02', '1974-11-11 03:07:00'),
(2, '8SL37852790', 'J2Z', 'Cumque et iusto fuga aut.', 1, '2008-09-08 08:25:49', '2011-03-30 10:48:36'),
(3, '3', '7R1O68MR44MGPKWG0', 'Ut molestiae.', 1, '1984-11-26 08:58:50', '1982-02-19 20:18:53'),
(4, '5GK', 'T6ZIIV0', 'Et aperiam.', 0, '1970-01-01 01:40:13', '1970-01-01 00:00:03'),
(5, 'G5J', 'KQJNZK0JE0918B8', 'Ipsa repellendus quas tempora.', 1, '1970-01-01 00:00:04', '1980-10-01 23:38:24'),
(6, '5T', '7A62700R', 'Qui quis voluptate tempore ut.', 1, '2018-10-31 23:54:02', '1994-11-10 11:02:42'),
(7, 'E6UJ8KPU9D92E4S', '68AP5619ZLGS95', 'Consectetur molestiae ut.', 0, '1988-01-07 16:38:05', '1980-03-08 09:45:49'),
(8, '22', 'UC', 'Earum dolore ipsam maiores.', 0, '1988-12-01 06:46:03', '1999-07-10 11:26:39'),
(9, 'X13', 'T2', 'Sunt sed. Nulla alias quidem...', 1, '2020-04-14 05:58:05', '1972-04-28 04:21:24'),
(10, 'M39X159', 'QZ', 'Dolor ea aut perspiciatis;', 1, '2016-06-15 14:42:11', '2009-10-09 01:10:09'),
(11, '1', 'CRO535B871IOOWU', 'Voluptas perspiciatis.', 1, '1970-01-01 00:09:49', '1978-11-16 19:44:08'),
(12, '50B', 'J8L', 'Sed eaque sed sapiente alias.', 1, '1974-05-03 05:42:56', '1979-04-04 05:47:53'),
(13, '8', '06', 'Quidem illo sunt magni.', 1, '1970-01-01 00:00:58', '1981-08-24 21:44:20'),
(14, '7', '1Z877SI8P3ST', 'Consequatur illum. Ut.', 1, '2002-07-30 07:44:42', '1984-03-01 18:47:51'),
(15, '8B1DM6CT5', '2AJ0F', 'Ut vel. Sit dolorum!', 0, '2011-12-14 12:26:29', '1998-01-02 04:45:03'),
(16, '9', 'QO03', 'Non nemo illo dolor...', 0, '1970-01-01 00:13:13', '2016-07-17 16:28:13'),
(17, 'R', '9149G4S', 'Explicabo repudiandae ab.', 1, '1970-01-01 02:23:33', '1985-03-20 21:37:57'),
(18, 'Y9UP1', '1', 'Quo exercitationem. Molestias?', 0, '1978-02-22 14:46:27', '2016-12-11 03:51:29'),
(19, '10WO', '02L9D7', 'Et quod; accusantium.', 0, '1986-12-27 14:29:34', '2000-03-11 05:50:37'),
(20, 'C84DVQHIS5', '0SM', 'Repudiandae laboriosam.', 0, '2007-09-01 03:39:03', '1970-01-01 01:37:15'),
(21, '7U', '20KX6', 'Maiores reprehenderit et.', 1, '1970-01-01 00:16:33', '2003-02-26 08:30:15'),
(22, '05HM60B5VI02389', '195K7361', 'Aliquam sit. Recusandae est.', 0, '1970-01-01 02:07:36', '1972-04-07 09:43:30'),
(23, 'PU89ARU0', '4W71W7F1W9U2TK65Z', 'Quaerat minima et ut...', 0, '2017-12-25 00:31:39', '2019-02-10 04:07:42'),
(24, 'F2J', '05G6I7U6T', 'Sit numquam laborum...', 0, '1970-01-01 00:00:08', '1970-01-01 00:00:04'),
(25, '991AGUV59978S', '8UG26Y9KX9', 'Aut rerum. Ipsam omnis sed.', 0, '1996-11-14 15:14:45', '1970-01-01 00:05:48'),
(26, '1ST51F', '33DMM', 'Magni ut saepe. Sequi aliquam.', 0, '1982-08-04 15:50:51', '2019-07-21 12:53:39'),
(27, 'D', '24', 'Unde sit voluptatem;', 1, '2017-06-17 17:19:47', '2007-01-04 21:47:49'),
(28, '1UX1SMQD', 'FE', 'Non rem.', 0, '1989-12-22 15:52:01', '1970-01-01 00:01:12'),
(29, 'A22OD1H47440', 'G54', 'Nam itaque non debitis.', 0, '1981-07-22 18:52:14', '1998-02-20 10:35:39'),
(30, '7Z5K', 'J675YO7', 'Voluptatem ea eius soluta.', 0, '1995-11-07 13:38:37', '2000-04-30 03:51:08'),
(31, '45SNT4H', '690364T7', 'Quos eius. Quis eum.', 1, '1970-01-01 00:00:01', '1970-01-01 00:00:11'),
(32, 'XW', '8', 'Cum sit ipsa ut rem.', 1, '1970-01-01 00:01:40', '1999-11-10 00:06:59'),
(33, 'M', 'T93HEZ', 'Quia est. Perferendis!', 0, '1994-02-01 15:01:52', '1997-08-04 03:51:50'),
(34, '0KOD623U', '7DZ3', 'Nihil ab. Velit magnam!', 1, '1970-01-01 00:00:40', '2013-01-16 06:12:09'),
(35, '9I', '4X3R12', 'Omnis ipsum; architecto.', 1, '2005-06-15 19:00:37', '1970-01-01 00:10:48'),
(36, '44', 'X5EJ5D5IHPVY94JB', 'In quasi; deleniti rem.', 1, '1970-01-01 00:06:37', '1970-01-01 00:00:05'),
(37, '2694E85', '8RT33NCC', 'Odio ad. Explicabo illum.', 1, '1999-12-29 06:06:06', '2006-04-21 08:46:58'),
(38, '351UX4', 'TD', 'Quam est quae odio est.', 0, '1970-07-29 11:06:43', '2014-10-09 18:17:41'),
(39, 'Q0V', '81K27080VOK80V', 'Possimus eveniet adipisci qui.', 1, '2009-03-04 23:27:04', '1977-05-06 04:31:21'),
(40, 'CVH', '5663VQE5Y7', 'Officiis odit vel. Voluptas...', 1, '1970-01-01 00:00:10', '1970-01-01 00:00:26'),
(41, 'TI856H2', 'O3RJ1KN', 'Qui unde quibusdam sunt;', 0, '2017-01-24 03:45:44', '1972-09-06 22:26:54'),
(42, '0X66K', '99ROU5X70G414OSKF22', 'Dolorem doloribus; et maiores.', 0, '1980-12-25 14:14:27', '1970-01-01 00:24:42'),
(43, 'HM1', 'U1YC5', 'Fugiat perferendis;', 1, '2011-05-30 12:16:31', '2001-04-24 04:04:03'),
(44, '08F3X32002938ZJOVON6OE', 'K', 'Perspiciatis voluptas omnis.', 0, '1970-01-01 00:01:21', '1970-01-01 00:01:28'),
(45, 'S7W13363', 'X39I6438R6YH897', 'Itaque quisquam.', 0, '2012-08-12 15:07:29', '1974-06-08 03:01:01'),
(46, 'US70I2Z01H76', '289DF9M', 'Laboriosam obcaecati.', 1, '1970-01-01 00:01:44', '2002-09-05 14:52:51'),
(47, 'TX', '0G46B91WDY', 'Hic sit.', 1, '1970-01-01 00:05:01', '2005-10-11 10:38:20'),
(48, '6M', 'Q9IPA1', 'Sit eos veritatis unde magnam.', 0, '1970-01-01 00:00:07', '1987-07-03 18:20:02'),
(49, '1720', '98T12XY', 'Sint quae architecto ipsa.', 1, '2013-06-07 04:25:13', '1986-08-18 23:53:39'),
(50, 'SUG9SMM68WF7896F1787O09UYIMRHZ36', 'WHF157', 'Deleniti ut. Sit cupiditate.', 0, '1983-03-08 10:31:24', '1991-11-13 13:23:40');

--
-- Inserting data into table employees
--
INSERT INTO employees(id, email, firstname, lastname, birthdate, phone_number, road, hiring_date, percentage, salary, holiday_balance, under_contract, work_time, password, employee_id, address_id, job_id, department_id) VALUES
(1, 'Conrad_Frizzell61@example.com', 'Conrad', 'Baumann', '1980-01-16', '(951) 501-9191', '24-36 Wandsworth Bridge Road', '2020-11-21', 60, 9869.96, 5.5, -121, 5764576496, 'xwTWhuE1018iz6zyGXYVpQ==', 24, 31, 7, 4),
(2, 'Schuler@example.com', 'Morgan', 'Renteria', '1986-08-14', '(873) 033-1497', '3 Eversholt Street', '2016-02-16', 90, 7479.41, 14.5, -89, 69, 'kEBEnbzykTY9HSoJVHy8AA==', 10, 32, 8, 5),
(3, 'ZapataF@example.com', 'Micheal', 'Neeley', '1965-01-14', '(286) 206-7080', '5-9 Bishops Square', '2018-10-08', 40, 9024.53, 9.5, 76, 8, 'jANJUZ1Q+u02ZnDKqKa9eg==', 21, 44, 27, 1),
(4, 'Sanford549@nowhere.com', 'Adam', 'Reyes', '1992-04-27', '(826) 193-9372', '2-7 Pretoria Avenue', '2015-07-13', 10, 9591.45, 0.5, 93, -189, 'g26BAbPDuMUcZoOyk8nbPQ==', 28, 71, 25, 12),
(5, 'Barr@nowhere.com', 'Kittie', 'Mathews', '1994-02-05', '(967) 582-3086', '4 Allsopp Place', '2018-06-12', 70, 8291.52, 10.0, 114, 0, 'yb9EJzbcu1ms2wIswHpVdA==', 34, 98, 1, 5),
(6, 'Almanza@example.com', 'Stefani', 'Keenan', '1998-02-27', '(812) 301-5300', '3-6 Abyssinia Close', '2017-04-15', 80, 8688.78, 6.0, -8, -4364314463, 'JKpsZGneZiqtqax6ipunXw==', 14, 56, 28, 4),
(7, 'Ron.Irish@example.com', 'Madelene', 'Neely', '1962-03-06', '(537) 222-1190', '1 Churchill Place', '2017-04-14', 90, 8771.04, 0.0, -14, -2700930049, '+SYRrcaX6BhBZgZSiD5JiQ==', 13, 19, 21, 4),
(8, 'ktercnnp_okcisx@example.com', 'Ramiro', 'Galindo', '1956-04-10', '(236) 929-0143', '1-8 Buckingham Gate', '2016-05-02', 20, 8067.07, 1.0, 95, -1190897627, '4Ke2T9jxaDGxbASmsMuXkg==', 39, 68, 3, 2),
(9, 'mnksgeiq8021@example.com', 'Abraham', 'Cary', '1967-11-30', '(748) 666-0948', '32-59 Abbey Lane', '2020-04-25', 50, 9433.95, 9.0, -123, -1809838531, 'peLiFj2Y+ezqOuxlqNeDJw==', 12, 88, 12, 7),
(10, 'Atwood@nowhere.com', 'Amos', 'Reyna', '1972-09-28', '(173) 265-2255', '5C Clissold Crescent', '2015-10-09', 90, 9056.95, 16.5, 49, 6170913928, 'QoLqMkv90aHbKzVNTtC3XA==', 20, 13, 21, 4),
(11, 'Sima_Call6@example.com', 'Josef', 'Mathis', '1952-01-07', '(131) 136-7890', '1 Grasvenor Avenue', '2022-02-21', 60, 7046.12, 7.0, -64, -6343233152, 'hUuFy/8nUvy4hga8p2+Dxg==', 8, 3, 14, 12),
(12, 'Kirk.HKoehler@nowhere.com', 'Keira', 'Delacruz', '1982-02-22', '(357) 166-5983', '1 A-C Paget Street', '2015-07-15', 30, 9074.62, 15.0, -9, 1148058318, 'eFJ6VuYJ+d5kpTJnK45i9Q==', 4, 47, 27, 4),
(13, 'EdmundBenitez631@example.com', 'Abby', 'Baumgartner', '1967-09-12', '(640) 849-9808', '1 A-D Johnston Road', '2021-02-10', 50, 7558.08, 5.0, -12, -6417321766, 'hYrZgh1/Pm8JbnxeaLRNCw==', 31, 44, 8, 1),
(14, 'Salley69@nowhere.com', 'Cathryn', 'Casas', '1958-09-07', '(121) 928-0709', '700 Albert Basin Way', '2016-06-28', 70, 8196.54, 19.5, -56, -2268700230, '+nwxpgVXJ42F3eS4XDGIZg==', 27, 61, 11, 10),
(15, 'Kiefer@nowhere.com', 'Gail', 'Neff', '1967-11-16', '(838) 048-5399', '1-8 Christopher Street', '2016-04-28', 50, 9304.3, 10.0, -97, 9420744129, 'XvY0KV9HbzPM7sGV0+WStg==', 29, 88, 12, 11),
(16, 'ElmerFoley@example.com', 'Danilo', 'Keene', '1990-07-07', '(221) 768-2554', '1-7 Glen Road', '2019-10-29', 20, 8996.83, 17.5, -66, -76, '90kacs8pGJkv7WwIPgWKXw==', 33, 35, 23, 1),
(17, 'Brinkman28@example.com', 'Alaina', 'Gallagher', '2001-09-19', '(870) 923-0471', '14-28 Blenheim Park Road', '2021-07-11', 30, 9245.61, 4.0, -125, -5714683210, '8wu/KcuVteLWwhRZNCKBeQ==', 26, 77, 25, 1),
(18, 'Almeida24@example.com', 'Gaylord', 'Bautista', '1961-12-10', '(914) 555-5068', '54-58 Aberconway Road', '2018-02-21', 30, 8665.56, 18.5, -29, 23, 'nYUGrX67ZYYxbW1q8jycyw==', 38, 3, 24, 2),
(19, 'LambF@nowhere.com', 'Scotty', 'Case', '1970-10-03', '(723) 311-9006', '23-28 Creighton Road', '2019-04-08', 80, 8584.52, 18.5, -10, -8860679665, 'gmbhngYsPK/xPev3PpHI9Q==', 33, 55, 23, 4),
(20, 'ShandraCarranza@nowhere.com', 'Efrain', 'Reynolds', '1991-10-04', '(241) 260-0002', '1-9 Bishops Way', '2016-11-08', 30, 7813.29, 16.0, -6, -1689576117, 'rB5i/dmwqWyp/5o15L35GA==', 13, 46, 3, 9),
(21, 'JeraldAbraham529@example.com', 'Horacio', 'Delagarza', '1984-06-13', '(192) 966-7218', '3-7 Carisbrooke Road', '2016-04-15', 70, 8911.14, 1.5, -74, -7379490228, 'UyO5r8tZn1+N2/I5g2Akpw==', 28, 109, 14, 7),
(22, 'Abel5@example.com', 'Makeda', 'Baxley', '1958-01-06', '(361) 203-3649', '1E Hanworth Road', '2020-01-08', 80, 7285.42, 14.0, -59, 4, 'aADa/1OGMl5ZWMbKR3gTuA==', 2, 41, 12, 2),
(23, 'Bachman@example.com', 'Jose', 'Casey', '1965-11-20', '(932) 094-5575', '1-7 Cowper Road', '2015-05-12', 60, 7235.97, 10.0, -5, 1, 'izJCapR1SDR2qjMcAmgLJg==', 36, 27, 12, 12),
(24, 'FriedaAbreu99@example.com', 'Bert', 'Negrete', '1954-05-17', '(244) 448-4768', '35-26 Grays Farm Road', '2021-01-16', 90, 9938.71, 15.5, 92, -9226513885, 'Bvcnvv0EHmiaCMQWDtY0bQ==', 47, 105, 13, 2),
(25, 'Barrett_Mcgowan@example.com', 'Shane', 'Reynoso', '1952-01-07', '(164) 563-1078', '3 Buxton Road', '2018-05-22', 50, 9995.72, 17.5, -77, -6647981371, 'ey9q4+1mZE7qz9JotKGjMA==', 43, 95, 7, 4),
(26, 'rvxkhcgk5666@example.com', 'Kent', 'Wagoner', '2001-10-10', '(164) 347-4821', '66 Great Chapel Street', '2020-10-23', 70, 7059.92, 0.0, 119, -7598973411, 'VXZdma1Ror+tgF6kP4g6ww==', 26, 5, 13, 5),
(27, 'Dodge@example.com', 'Rob', 'Gallant', '2001-05-18', '(651) 163-8918', '44-48 Curzon Square', '2017-08-04', 40, 9899.21, 4.0, 24, -8, '8masmm7kgLlcBxsvEAlJSQ==', 41, 3, 11, 6),
(28, 'Perkins@example.com', 'Jon', 'Baxter', '1979-11-02', '(190) 513-7373', '35-19 Abbey Lane', '2019-12-08', 80, 7905.24, 10.5, 64, 18, 'FAVOeXR3LV2g+xqb0B2IDA==', 7, 83, 10, 9),
(29, 'NorrisBolt@example.com', 'Armand', 'Cash', '1957-01-12', '(362) 919-2462', '91 Alwyne Road', '2015-03-12', 30, 9162.12, 7.5, 42, -5, 'rRUcOqFXk5iIPXbu7UyCzw==', 7, 51, 27, 10),
(30, 'Barron@nowhere.com', 'Beth', 'Delarosa', '1952-01-12', '(833) 067-7569', '55-19 Crowndale Road', '2016-08-17', 70, 7782.01, 19.5, 94, 6615407231, 'NnQzZeGhcY6o4fHzE7Qm5A==', 12, 100, 27, 11),
(31, 'Duval@example.com', 'Epifania', 'Matlock', '1975-07-10', '(576) 204-9105', '29 Hughes Walk', '2017-08-02', 5, 8288.6, 13.5, 78, 2806965509, 'JJPz/eWWOhxdCpkf36+AEA==', 15, 86, 3, 10),
(32, 'Zenobia.Brunson@example.com', 'Meridith', 'Gallardo', '1981-08-21', '(583) 420-8609', '2 Gray''s Inn Road', '2019-01-13', 40, 9270.24, 3.5, 106, 6523546559, 'kWAFHeNkfXISkkZ+K4+PWA==', 10, 39, 26, 2),
(33, 'Adela_Alley61@example.com', 'Laverna', 'Sisson', '1964-02-27', '(659) 344-2951', '53-57 Bray Court', '2016-12-29', 70, 7621.35, 5.5, 82, -5, 'Pby1iAxqil5GAxXZ+ssXbg==', 33, 106, 9, 11),
(34, 'Abel313@example.com', 'Marguerite', 'Keener', '1973-03-07', '(782) 164-8595', '21-17 Abbey Street', '2021-11-07', 90, 8145.68, 1.0, 46, -9749970104, 'r8LOkWpr2RGEdBelnftRrQ==', 35, 105, 28, 7),
(35, 'Suggs@example.com', 'Alyce', 'Negron', '1999-06-15', '(982) 826-6553', '24-16 Magdalen Road', '2017-06-15', 10, 7884.01, 0.5, 1, 5342, 'WCr29NLKdlFefVjMbmb/Cw==', 44, 9, 29, 11),
(36, 'Acker@example.com', 'Shani', 'Matney', '1954-06-15', '(603) 260-6674', '34-39 Portal Way', '2019-09-18', 90, 9332.84, 17.0, 101, -8, 'Bvcnvv0EHmiaCMQWDtY0bQ==', 6, 32, 19, 10),
(37, 'aweyzjpd3111@example.com', 'Bennie', 'Bayer', '2000-10-14', '(568) 730-2747', '9 A-C Adelaide Street', '2019-12-24', 70, 9990.35, 11.0, 56, 6174966325, 'toXlJFlesgH72RioCoTvpw==', 39, 94, 4, 8),
(38, 'Arthur@example.com', 'Edmundo', 'Wahl', '1978-02-23', '(340) 205-9308', '1 Adelaide Grove', '2017-10-27', 10, 9738.15, 13.5, 1, 62, 'Le/DnEYEAileZYomd7tc7Q==', 49, 9, 20, 12),
(39, 'Ruffin@nowhere.com', 'Vella', 'Casillas', '1979-10-30', '(494) 993-6629', '12-37 Churchill Place', '2018-03-20', 30, 7938.98, 16.5, -97, -997080965, 'Wti6dZVrLfAL8UzMN1/1EQ==', 48, 31, 23, 12),
(40, 'EleanoreYEscamilla158@example.com', 'Norris', 'Delatorre', '1960-08-16', '(907) 223-8253', '5B Normanton Road', '2018-03-30', 80, 7115.33, 5.0, -24, 978, 'YHt661MrFrYhtNQKvf/VJg==', 6, 21, 11, 4),
(41, 'JerroldSAkins@example.com', 'Adela', 'Sizemore', '1960-11-27', '(918) 918-5124', '24-29 St Ann''s Road', '2015-03-03', 60, 8157.13, 2.5, -5, 2907575943, 'tDhEMouUA5IFjC92GuAy8w==', 18, 16, 30, 1),
(42, 'Tackett@example.com', 'Cleta', 'Keeney', '1952-03-02', '(584) 346-1791', '42-28 Abbeville Road', '2017-11-24', 100, 7686.9, 11.0, 101, -7278718553, '0j+ucFg43pJhC8C2un/e1g==', 27, 41, 27, 10),
(43, 'Chasidy.Nye82@example.com', 'Kerry', 'Baylor', '1989-11-18', '(981) 682-5876', '2 A-C Stoke Newington Road', '2018-04-01', 40, 7089.07, 14.5, -21, -5, '8KJfBtbBD+p25xjmQs2ZMw==', 23, 88, 2, 1),
(44, 'wawwcqng.wmbvidy@example.com', 'Nell', 'Waite', '1967-11-20', '(205) 787-0309', '1-7 St. John''s Court', '2019-05-19', 80, 9370.08, 3.5, -1, 3709514304, '7PpdIlC4iwvg4gmo8FGpfw==', 40, 68, 15, 8),
(45, 'Abney@example.com', 'Ned', 'Rhea', '1991-03-18', '(657) 216-0159', '7 Clara Place', '2019-08-14', 70, 7577.63, 13.0, -16, 1667036519, 'xr4/TVgsa9lYhAV0cYVz8Q==', 15, 117, 14, 3),
(46, 'Joseph.Trapp@example.com', 'Kasie', 'Gallegos', '1968-04-15', '(915) 124-2175', '9 Singleton Close', '2021-08-22', 60, 7860.42, 12.0, -79, 8327697310, 'KBhRL8TONSi1DQxFWtPdBQ==', 38, 4, 7, 9),
(47, 'Calkins615@example.com', 'Coleman', 'Matos', '1974-03-14', '(517) 598-5479', '6 Amwell Street', '2018-11-16', 10, 9333.56, 10.5, -33, -30, 'G7NSSou9b74/goU2fVMeHA==', 49, 87, 8, 11),
(48, 'AntoineLittlefield@nowhere.com', 'Curtis', 'Deleon', '1967-03-18', '(691) 091-6995', '9 St. Alban''s Place', '2017-09-10', 20, 9754.46, 14.5, -38, -9776667635, 'jxhZDsfdYtNy06ZmyxNKFg==', 41, 68, 8, 5),
(49, 'jfhbwpxk.jxmonkyjvl@example.com', 'Lamar', 'Gallo', '1957-02-26', '(341) 787-2195', '12-17 Bishop''s Bridge Road', '2022-01-26', 60, 8621.27, 8.5, 0, 1617120540, 'd7Cd9KY1qisfzmzjI2WnnA==', 17, 13, 22, 2),
(50, 'pqjndav80@example.com', 'Tyrell', 'Skaggs', '1971-01-29', '(957) 389-4429', '1 A-B Guilford Street', '2022-02-22', 70, 8475.51, 13.5, 32, -6319637226, 'CGeq3qCd9bz2ova7xMPNnQ==', 22, 6, 7, 9);

--
-- Inserting data into table employees_has_tasks
--
INSERT INTO employees_has_tasks(id, employee_id, task_id) VALUES
(1, 46, 13),
(2, 44, 29),
(3, 26, 32),
(4, 33, 48),
(5, 28, 12),
(6, 5, 33),
(7, 23, 4),
(8, 35, 4),
(9, 46, 19),
(10, 32, 1),
(11, 39, 48),
(12, 13, 46),
(13, 8, 47),
(14, 28, 26),
(15, 7, 10),
(16, 23, 39),
(17, 47, 19),
(18, 26, 24),
(19, 32, 11),
(20, 38, 42),
(21, 49, 1),
(22, 28, 23),
(23, 37, 25),
(24, 13, 24),
(25, 32, 32),
(26, 25, 7),
(27, 49, 34),
(28, 6, 24),
(29, 4, 25),
(30, 6, 2),
(31, 20, 16),
(32, 1, 25),
(33, 44, 25),
(34, 12, 24),
(35, 4, 28),
(36, 37, 24),
(37, 45, 11),
(38, 4, 23),
(39, 31, 39),
(40, 20, 27),
(41, 44, 43),
(42, 1, 49),
(43, 27, 14),
(44, 40, 7),
(45, 37, 10),
(46, 31, 13),
(47, 25, 20),
(48, 14, 26),
(49, 36, 37),
(50, 12, 6);

--
-- Inserting data into table payslips
--
INSERT INTO payslips(id, file_path, date, employee_id) VALUES
(1, 'payslips/5', '2002-01-01', 10),
(2, 'payslips/0', '2002-02-01', 10),
(3, 'payslips/1', '2004-02-01', 11);

--
-- Enabling DML triggers for 
--
DELIMITER $$

--
-- Enabling DML triggers for tasks
--
CREATE 
	DEFINER = 'root'@'localhost'
TRIGGER db_employees.tasks_BEFORE_INSERT
	BEFORE INSERT
	ON db_employees.tasks
	FOR EACH ROW
BEGIN
	if new.until > new.since 
    then signal sqlstate '45000' set message_text = 'Bad dates';
    end if;
END
$$

--
-- Enabling DML triggers for tasks
--
CREATE 
	DEFINER = 'root'@'localhost'
TRIGGER db_employees.tasks_BEFORE_UPDATE
	BEFORE UPDATE
	ON db_employees.tasks
	FOR EACH ROW
BEGIN
	if new.until > new.since 
    then signal sqlstate '45000' set message_text = 'Bad Dates';
    end if;
END
$$

--
-- Enabling DML triggers for 
--
DELIMITER ;